Student_ID,Student_Name,Parent_Email,Parent_Phone,Sub1,Sub2,Sub3,Sub4,Sub5,Sub6,Total_Classes,Total_Attended,Attendance_Percentage
SA001,Aditi Verma,aditiverma_parent@gmail.com,9093125558,0,4,11,5,2,16,120,38,31.67
SA002,Meera Iyer,meeraiyer_parent@gmail.com,9221778383,11,11,6,15,20,3,120,66,55.0
SA003,Nisha Singh,nishasingh_parent@gmail.com,9366314827,18,10,20,1,8,5,120,62,51.67
SA004,Meera Nair,meeranair_parent@gmail.com,9610619225,13,20,20,8,15,8,120,84,70.0
SA005,Sneha Patel,snehapatel_parent@gmail.com,9787306280,10,8,18,6,12,20,120,74,61.67
SA006,Rohan Sharma,rohansharma_parent@gmail.com,9172697629,4,3,18,3,9,16,120,53,44.17
SA007,Nisha Kumar,nishakumar_parent@gmail.com,9188312284,8,17,11,20,5,18,120,79,65.83
SA008,Aarav Nair,aaravnair_parent@gmail.com,9661570157,4,19,13,18,3,20,120,77,64.17
SA009,Sai Iyer,saiiyer_parent@gmail.com,9543514429,3,8,17,3,20,9,120,60,50.0
SA010,Meera Nair,meeranair_parent@gmail.com,9813123382,11,10,11,4,5,20,120,61,50.83
SA011,Pooja Gupta,poojagupta_parent@gmail.com,9590950894,5,10,12,3,4,16,120,50,41.67
SA012,Rohan Verma,rohanverma_parent@gmail.com,9973048483,14,16,7,5,3,5,120,50,41.67
SA013,Pooja Kumar,poojakumar_parent@gmail.com,9094741135,20,2,8,12,3,19,120,64,53.33
SA014,Krishna Kumar,krishnakumar_parent@gmail.com,9919505303,19,6,4,4,12,3,120,48,40.0
SA015,Sai Verma,saiverma_parent@gmail.com,9857303789,4,13,3,19,10,17,120,66,55.0
SA016,Aryan Verma,22311A1267@it.sreenidhi.edu.in,9844888872,4,16,2,2,3,2,120,29,24.17
SA017,Rohan Patel,rohanpatel_parent@gmail.com,9028548231,2,12,7,19,19,6,120,65,54.17
SA018,Kavya Singh,kavyasingh_parent@gmail.com,9550368384,20,0,18,18,9,14,120,79,65.83
SA019,Aryan Kumar,aryankumar_parent@gmail.com,9914692479,1,14,15,15,4,5,120,54,45.0
SA020,Nisha Gupta,nishagupta_parent@gmail.com,9934373524,16,11,7,20,19,10,120,83,69.17
SA021,Rohan Iyer,rohaniyer_parent@gmail.com,9801870768,7,7,11,1,19,8,120,53,44.17
SA022,Aryan Sharma,aryansharma_parent@gmail.com,9948443128,0,18,15,11,15,2,120,61,50.83
SA023,Saanvi Reddy,saanvireddy_parent@gmail.com,9897860394,20,2,16,8,15,8,120,69,57.5
SA024,Saanvi Nair,saanvinair_parent@gmail.com,9844932320,15,16,17,7,15,0,120,70,58.33
SA025,Sneha Kumar,snehakumar_parent@gmail.com,9250712410,8,0,18,4,7,19,120,56,46.67
SA026,Nisha Nair,nishanair_parent@gmail.com,9411545052,9,19,1,16,7,12,120,64,53.33
SA027,Sai Rao,sairao_parent@gmail.com,9193225356,3,12,4,20,9,13,120,61,50.83
SA028,Nisha Verma,nishaverma_parent@gmail.com,9672484378,0,0,4,17,2,1,120,24,20.0
SA029,Aarav Kumar,aaravkumar_parent@gmail.com,9993679430,19,11,10,19,14,11,120,84,70.0
SA030,Aditi Reddy,aditireddy_parent@gmail.com,9894568009,8,15,1,16,10,14,120,64,53.33
SA031,Saanvi Singh,saanvisingh_parent@gmail.com,9928517855,9,4,12,1,4,13,120,43,35.83
SA032,Aditya Gupta,adityagupta_parent@gmail.com,9093977704,19,0,13,17,19,18,120,86,71.67
SA033,Nisha Sharma,nishasharma_parent@gmail.com,9248638057,14,14,16,8,16,8,120,76,63.33
SA034,Krishna Reddy,krishnareddy_parent@gmail.com,9418136121,18,1,11,1,5,7,120,43,35.83
SA035,Isha Verma,ishaverma_parent@gmail.com,9357994077,20,4,7,0,13,18,120,62,51.67
SA036,Ananya Nair,ananyanair_parent@gmail.com,9270700995,20,15,6,10,7,5,120,63,52.5
SA037,Aryan Patel,aryanpatel_parent@gmail.com,9400677463,9,14,15,9,16,17,120,80,66.67
SA038,Rohan Gupta,rohangupta_parent@gmail.com,9115256582,11,10,0,15,8,5,120,49,40.83
SA039,Aditi Gupta,aditigupta_parent@gmail.com,9522408445,11,3,10,4,13,11,120,52,43.33
SA040,Aditya Verma,adityaverma_parent@gmail.com,9462237172,2,2,0,4,8,7,120,23,19.17
SA041,Nisha Gupta,nishagupta_parent@gmail.com,9999064314,5,15,8,16,7,19,120,70,58.33
SA042,Diya Nair,diyanair_parent@gmail.com,9576257970,16,19,1,19,20,14,120,89,74.17
SA043,Saanvi Sharma,saanvisharma_parent@gmail.com,9904714203,9,1,19,20,0,15,120,64,53.33
SA044,Krishna Verma,krishnaverma_parent@gmail.com,9884860218,8,1,16,1,1,7,120,34,28.33
SA045,Arjun Verma,arjunverma_parent@gmail.com,9738893142,1,9,11,9,15,15,120,60,50.0
SA046,Aditi Sharma,aditisharma_parent@gmail.com,9009656392,20,12,4,3,1,16,120,56,46.67
SA047,Sneha Reddy,snehareddy_parent@gmail.com,9164982545,20,10,10,12,1,15,120,68,56.67
SA048,Aditi Gupta,aditigupta_parent@gmail.com,9377389281,20,10,17,7,10,10,120,74,61.67
SA049,Saanvi Rao,saanvirao_parent@gmail.com,9818301173,16,12,15,3,20,15,120,81,67.5
SA050,Meera Singh,meerasingh_parent@gmail.com,9470022024,13,4,11,14,13,8,120,63,52.5
SA051,Saanvi Verma,saanviverma_parent@gmail.com,9798592974,10,18,12,1,7,13,120,61,50.83
SA052,Arjun Iyer,arjuniyer_parent@gmail.com,9351773760,14,5,4,12,18,5,120,58,48.33
SA053,Nisha Gupta,nishagupta_parent@gmail.com,9588441575,8,0,1,0,17,10,120,36,30.0
SA054,Vihaan Patel,vihaanpatel_parent@gmail.com,9948466105,1,16,17,10,20,5,120,69,57.5
SA055,Nisha Reddy,nishareddy_parent@gmail.com,9400172618,5,9,6,17,2,9,120,48,40.0
SA056,Rahul Gupta,rahulgupta_parent@gmail.com,9820511500,11,12,9,7,8,11,120,58,48.33
SA057,Aditi Sharma,aditisharma_parent@gmail.com,9826470597,12,0,16,4,12,12,120,56,46.67
SA058,Nisha Patel,nishapatel_parent@gmail.com,9556835936,18,4,11,16,2,19,120,70,58.33
SA059,Aditya Sharma,adityasharma_parent@gmail.com,9036393427,11,8,15,14,13,13,120,74,61.67
SA060,Kavya Iyer,kavyaiyer_parent@gmail.com,9613317731,15,9,8,20,4,7,120,63,52.5
